NEUROLOGY,Chengalpattu,3536,"Govt. Hospital, Thiruporur, Kancheepuram TN.","GOVT HOSPITAL THIRUPORUR, OMR,  ILLALURE,THIRUPORUR TK,KANCHEEPURAM DIST  603110",8778634244
NEUROLOGY,Chengalpattu,3320,"Sai fertility centre and hospital,Kancheepuram TN.","New no. 43, Old, no. 21, Devarajanar St, behind new bus stand, Vedachalam Nagar, Chengalpattu, Tamil Nadu 603001",9940331305
NEUROLOGY,Chengalpattu,3527,"Govt. Madhurandaham Hospital, Kancheepuram TN.","HOSPITAL RD, MADURANTAKAM, TAMIL NADU 603306",9994453782
NEUROLOGY,Chengalpattu,3369,"Tagore Specialty Hospital,Chengalpattu TN.","No.25, Mahalingam Street, Mahalingapuram, Nungambakkam, Chennai -",9841036656
NEUROLOGY,Chengalpattu,1342,"Melvin Jones Lions Chart. Dialysis,Kanchipuram TN.","?Sunnambu Kolathur Main Rd, Rose Nagar, Kovilambakkam, Chennai, Tamil Nadu 600129",9444044966
NEUROLOGY,Chengalpattu,3332,"Bharath Medical Col and Hosp, Kancheepuram TN.","7 Works, Road, Chromepet, Chennai, Tamil Nadu 600044, India",9787303902
NEUROLOGY,Chengalpattu,3265,"CHETTINAD SUPER SPECIALITY HOSP,KANCHEEPURAM TN.","RAJIV GANDHI SALAI,KELAMBAKKAM, KANCHIPURAM",9941303000
NEUROLOGY,Chengalpattu,3547,"Govt Hospital,Mahabalipuram,ChengalpattuTN.","Pooncheri, Tirukkalukkundram Rd, Mahabalipuram,",8056514694
NEUROLOGY,Chengalpattu,3523,"Govt Sanatorium, Kancheepuram TN.","77, CHENNAI THENI HWY, KADAPERI, TAMBARAM, CHENNAI, TAMIL NADU 600045",044-22418450
NEUROLOGY,Chengalpattu,3528,"Govt. Head Qrtrs Hosp, Tambaram, Kancheepuram TN.","77, G S T ROAD, TAMBARAM SANATORIUM, CHENNAI",9444135154
NEUROLOGY,Chengalpattu,3249,"Gleneagles Global Health City, Kancheepuram TN.","439, MEDAVAKKAM ROAD, CHERAN NAGAR, PERUMBAKKAM,KANCHEEPURAM",9940559955
NEUROLOGY,Chengalpattu,3278,"Tagore Medical Coll and Hosp, Kancheepuram TN.","MELAKKOTTAIYUR POST, VANDALUR-KELAMBAKKAM RD, RATHINAMANGALAM,",9884398420
NEUROLOGY,Chengalpattu,3548,"Govt Hospital,Thirukalukundram,ChengalpattuTN.","?Sannathi St, Tirukazhukundram",9443597420
NEUROLOGY,Chengalpattu,346,"MELMARUVATHUR ADHIPARSAKTHI INST, KANCHEEPURAM TN.","CRM7+87V, Melmaruvathur, Tamil Nadu 603319",9842323330
NEUROLOGY,Chengalpattu,3525,GOVT. HOSPITAL CHEYYUR KANCHIPURAM TN.,"SH 115, PANAIYUR, CHEYUR, TAMIL NADU 603302",9025492046
NEUROLOGY,Chengalpattu,3490,"Chengalpattu Medical College,Kancheepuram TN.","G.S.T. ROAD, KANCHEEPURAM, CHENGALPATTU, TAMIL NADU 603001",044-27431287
NEUROLOGY,Chengalpattu,3546,"Govt Hospital,Injabakkam,ChengalpattuTN.","VOC St, Cholamandal Artists Village, Injambakkam",9962871155
NEUROLOGY,Chengalpattu,334,"DR KAMAKSHI MEMORIAL HOSPITAL,KANCHEEPURAM TN.","1, RADIAL ROAD, PALLIKARANAI, DANDEESWARAR NAGAR, ROSE AVENUE,KANCHEEPURAM",9790961522
NEUROLOGY,Chennai,3486,"Govt.Kilpauk Medical CollegeHospitalChennai,TN.","822, POONAMALLEE HIGH RD, NEAR EGA THEATRE, KILPAUK, CHENNAI, TAMIL NADU 600010",9788504014
NEUROLOGY,Chennai,3269,"FORTIS MALAR HOSPITAL,CHENNAI TN.","NO.52, 1ST MAIN ROAD, GANDHI NAGAR, ADYAR, CHENNAI,?",8826877708
NEUROLOGY,Chennai,3488,"GOVT.TB HOSPITAL OTTERI , CHENNAI TN.","AYANAVARAM RD, OTTERI, AYANAVARAM, CHENNAI, TAMIL NADU 600023",9444231065
NEUROLOGY,Chennai,1193,"MEDWAY HOSPITAL, CHENNAI TN.","2, 26, 1st Main Rd, United India Colony, Kodambakkam, Chennai",9841026161
NEUROLOGY,Chennai,3494,"IOG,Egmore,Chennai TN.","HALLS ROAD, EGMORE, CHENNAI, TAMIL NADU 600008",9444303644
NEUROLOGY,Chennai,1264,"Govt. Omandhurar Medical coll and hosp,Chennai TN.","Omandurar Government Estate Wallahjah Road, Anna Salai, Opposite to, Chennai",9443789221
NEUROLOGY,Chennai,3309,"MURUGAN HOSPITAL KILPAUK, CHENNAI TN.","264, 125, Kilpauk Garden Road, Kilpauk, Chennai",9840717032
NEUROLOGY,Chennai,3487,"KGH,Chennai TN.","CHEPAUK, TRIPLICANE, CHENNAI, TAMIL NADU 600005",9094969039
NEUROLOGY,Chennai,928,"CHENNAI NATIONAL HOSPITAL, CHENNAI TN.","12, Jaffar Sarang St, Parrys, George Town, Chennai",9543591388
NEUROLOGY,Chennai,1196,"Sen Hospital Perambur,Chennai TN.","NEW NO. 51, OLD NO. 18, BUNDER GARDEN ST, BUNDER GARDEN, PERAMBUR, CHENNAI",9840243833
NEUROLOGY,Chennai,3515,"Govt Opthomology Hospital,Chennai TN.","OLD NO.132, RUKMANI LAKSHMIPATHY SALAI, EGMORE, CHENNAI, TAMIL NADU 600008",9444821439
NEUROLOGY,Chennai,147,"NOBLE HOSPITAL,CHENNAI TN.","4, AUDIAPPA MUDALI STREET, OPP. LADY M.CT.M.SCHOOL, PURASAWAKKAM, PURASAIWAKKAM, CHENNAI,",8508999999
NEUROLOGY,Chennai,3508,"Govt. Royapettah Hospital, Royapetta,Chennai TN.","WESTCOTT ROAD, ROYAPETTAH, OPP YMCA GROUND, CHENNAI, TAMIL NADU 600014",9840746584
NEUROLOGY,Chennai,1219,"Government Peripheral Hosp,KK Nagar,Chennai TN.","Anna Main Rd, Bharathidasan Colony, West Jafferkhanpet, Chennai",9444219729
NEUROLOGY,Chennai,3274,"VIJAYA HOSPITAL,CHENNAI TN.","NO.434, N.S.K.SALAI, VADAPALANI, CHENNAI",9941906328
NEUROLOGY,Chennai,3282,PRASHANTH HOSPITAL VELACHERY CHENNAI TN.,"NO.36 & 36A, VELACHERY MAIN ROAD, NEAR VIJAYA NAGAR BUS STAND, OPPOSITE SUTHERLAND GLOBAL SERVICES, VELACHERY, CHENNAI,",9840844668
NEUROLOGY,Chennai,3506,"Government Peripheral Hosp,Tondiarpet,Chennai TN.","KAILASAM ST, NEW WASHERMENPET, ROYAPURAM, CHENNAI, TAMIL NADU 600081",9710459310
NEUROLOGY,Chennai,136,"LAKSHA HOSPITAL,CHENNAI TN.","NO.15, PS SIVA SWAMY RD, SULLIVAN GARDEN, MYLAPORE, CHENNAI",9500054797
NEUROLOGY,Chennai,3270,"DR MEHTAS HOSPITALS CHETPET,CHENNAI TN.","NO.2, MCNICHOLS RD, 3RD LANE, CHETPET, CHENNAI",9840076779
NEUROLOGY,Chennai,3337,"Promed Hospital, Kottivakkam, Chennai TN.","Plot 1, 1\10A, SH 49, near Shraddha School, Valmiki Nagar, Raja Garden, Kottivakkam",9600046299
NEUROLOGY,Chennai,3481,"Govt.Super Speciality Hospital,Omandur Chennai TN.","Omandurar Government Estate Wallahjah Road, Anna Salai, Opposite to, Chennai",9176252755
NEUROLOGY,Chennai,3501,"RSRM,Tondiarpet, Chennai TN.","CEMETERY ROAD, ROYAPURAM, ROYAPURAM, CHENNAI, TAMIL NADU 600013",9962139679
NEUROLOGY,Chennai,3499,"ICH,Egmore,Chennai TN.","HALLS ROAD, EGMORE, CHENNAI, TAMIL NADU 600008",9840729083
NEUROLOGY,Chennai,922,"SAKTHI HOSPITAL, TRIPLICANE, CHENNAI TN.","175, Big St, Police Quarters, Triplicane, Chennai,",9790932323
NEUROLOGY,Chennai,3558,"Govt Hospital,Ayanavaram ESI, Chennai TN.?","53, Medavakkam Tank Rd, Thiruvalluvar Nagar, Dr Ambedkar Nagar, Sanyasipuram, Ayanavaram, Chennai",9976046249
NEUROLOGY,Chennai,3263,"Kauvery Hospital Chennai,TN.","199, LUZ CHURCH RD, KAPALI THOTTAM, MYLAPORE, CHENNAI,?",8144938757
NEUROLOGY,Chennai,3322,"Annai multi speciality,Virugambakkam,Chennai TN","121/60, Kaliamman Koil Street, Ganapath Raj Nagar Main Rd, Virugambakkam, Chennai",9840989911
NEUROLOGY,CHENNAI,347,"MIOT HOSPITAL, CHENNAI TN.","4/112, MOUNT POONAMALLE HIGH RD, SATHYA NAGAR, MANAPAKKAM,KANCHEEPURAM",4422492288
NEUROLOGY,Chennai,3338,"Chennai Orthopedic Centre, Chennai TN.","12, Radhakrishnan Street, Anbu Medicals, Valasaravakkam, Chennai,",9840299222
NEUROLOGY,Chennai,1221,"Govt Institute of mental health, Chennai TN.","Medavakkam Tank Road, Kilpauk, Chennai",9840109347
NEUROLOGY,Chennai,3372,"KL Hospital, Neelangarai, Chennai TN.","NO 348,EAST COAST ROAD,NEELANGARAI,CHENNAI,",9840017184
NEUROLOGY,Chennai,3557,"Govt Peripheral Hospital, Saidapet,Chennai TN.","Jenis Street, Saidapet, Chennai",8248432292
NEUROLOGY,Chennai,3485,"Govt. Stanley Medical College Hospital,Chennai TN.","305 OSH RD, ROYAPURAM, OLD WASHERMANPET, CHENNAI, TAMIL NADU 600001",9442670002
NEUROLOGY,Chennai,3535,"Government Peripheral Hosp,Periyar Ngr,Chennai TN.","Karthikeyan Rd, Periyar Nagar West, Perambur, Chennai",7904898304
NEUROLOGY,Chennai,3279,"Kumaran Hospital Kilpauk, Chennai TN.","?214, E.V.R PERIYAR SALAI, POONAMALLEE HIGH ROAD, KILPAUK,?CHENNAI",9940054344
NEUROLOGY,Chennai,145,"PRIME INDIAN HOSPITALS PVT LTD, CHENNAI TN.","NO. 1051, POONAMALLE HIGH ROAD, AMARAVATHI NAGAR, ARUMBAKKAM, AMARAVATHI NAGAR, ARUMBAKKAM, CHENNAI,",9965583140
NEUROLOGY,Chennai,3514,"Madras Medical College,Chennai TN.","M M C, PARK TOWN, CHENNAI, TAMIL NADU 600003",9176553202
NEUROLOGY,Coimbatore,0,"Dr.Muthus Hospital, Saravanampatti,Coimbatore TN.","No .291 ,Sathy main road ,Saravanampatti,COIMBATORE",8012311000
NEUROLOGY,Coimbatore,0,"KG Hospital,Coimbatore TN.",NO.5 GOVT ARTS COLLEGE ROAD RACE COURSE,9842221801
NEUROLOGY,Coimbatore,0,"PSG Hospitals,Coimbatore TN.","AVINASHI ROAD, PEELAMEDU, COIMBATORE-641004",9944366616
NEUROLOGY,Coimbatore,0,"Abinand Hospital,Coimbatore TN.","237-F POLLACHI MAIN ROAD SUNDRARPURAM, COIMBATORE - 641024",9443295099
NEUROLOGY,Coimbatore,0,"Ram Polyclinic,Coimbatore TN.",NO 146/2A NEW SCHEME ROAD POLLACHI,9842269339
NEUROLOGY,Coimbatore,0,"Arun Hospital Pollachi,Coimbatore TN.","NO,88,NEW SCHEME ROAD,POLLACHI",9364309500
NEUROLOGY,Coimbatore,0,"Shree Sivaa Hospital, Coimbatore TN.","61, ATHIPALAYAM PIRIVU, SATHY ROAD,",9362293344
NEUROLOGY,Coimbatore,0,"KMCH Sulur centre, Sulur,Coimbatore TN.","242b, Trichy Rd, Mathiyalagan Nagar, PKT Nagar, Sulur, Tamil Nadu 641402",9944433441
NEUROLOGY,Coimbatore,0,"Sri Lakshmi Hospital, Coimbatore TN.","18/121, Mettupalayam Road, Behind Indian Bank, Thudiyalur, Coimbatore",9842249433
NEUROLOGY,Coimbatore,0,"Sree Abirami Hospital, Coimbatore TN.","33, Madukkarai Road, Sundarapuram.",9842272972
NEUROLOGY,Coimbatore,0,"Hindusthan Hospital,Coimbatore TN.",UDAYAMPALAYAM ROAD SOWRIPALAYAM POST,9943443333
NEUROLOGY,Coimbatore,0,"Kalpana Medical Ctr Kavundampalayam,Coimbatore TN.","460/3/B-2 METTUPALAYAM ROAD, KAVUNDAMPALAYAM. OPP TO NITHYA ENCLAVE, COIMBATORE-641030",9842244970
NEUROLOGY,Coimbatore,0,"Royal Care Hospital, LandT Road, Coimbatore TN.","1/520, L & T Bye Pass Road,neelambur Coimbatore, Tamil Nadu",4222227026
NEUROLOGY,Coimbatore,0,"Kovai Medical Center and Hospital,Coimbatore TN.","POST BOX.3209, AVINASHI ROAD, COIMBATORE",9994977833
NEUROLOGY,Coimbatore,0,"Richmond Hospital Trichy Road,Coimbatore TN.",1287 TRICHY ROAD,9842233359
NEUROLOGY,Coimbatore,0,"Preethi Medical Centre, Coimbatore TN.","258,9th street,Extn,Opp. CSI Church,Gandhipuram,",9791768118
NEUROLOGY,Coimbatore,0,"Alwa Hospital,Coimbatore,TN.","74-A/2,Meenkarai Road, Ambarampalayam-64210",9486779942
NEUROLOGY,Coimbatore,0,"K.J Hospital,Kuniamuthur,Coimbatore TN.","56 A PALAKKAD MAIN ROAD, KUNIYAMUTHURE, COIMBATORE-08",9025025125
NEUROLOGY,Coimbatore,0,"Sri Ramakrishna Hospital,Coimbatore TN.","395,SAROJINI NAIDU ROAD,COIMBATORE-641044",4224500000
NEUROLOGY,Coimbatore,0,"Ashwin Polyclinic,Coimbatore TN.","No.1, Alamu Nagar, Sathy Main Road, Gandhipuram, Coimbatore",9884080033
NEUROLOGY,Coimbatore,0,"Manu Hospital Sungam Byepass Road, Coimbatore TN.","No:01,Paari Nagar, Sungam By-Pass Road, Sungam,Coimbatore-641045.",9789324445
NEUROLOGY,Coimbatore,0,"Sri Bala Medical Ctr Ramanathapuram,Coimbatore TN.","901, TRICHY ROAD, RAMANATHAPURAM COIMBATORE",9842224624
NEUROLOGY,Coimbatore,0,"Gowtham Hospital, Kuniamuthur, Coimbatore TN.","414/1 PALGHAT MAIN ROAD,KUNIYAMUTHUR COIMBATORE.",9443418966
NEUROLOGY,Coimbatore,0,"K.G.M.Hospital,Coimbatore TN.","1/1, AVINASHI ROAD CHINNIYAMPALAYAM COIMBATORE",9943096666
NEUROLOGY,Coimbatore,0,"Royal Care Super Specialty Hospital,Coimbatore TN.","372F, DR. NANJAPPA ROAD, COIMBATORE",0422- 4001000
NEUROLOGY,Coimbatore,0,"FIMS Hospital, Coimbatore TN.","NO.193/145, POLLACHI MAIN ROAD, SUNDARAPURAM, COIMBATORE-641024.",9787099699/9677
NEUROLOGY,Coimbatore,0,"S.P.T Hospital Ramnagar,Coimbatore TN.","50, Vivekananda Road Ram Nagar Coimbatore",9842252852
NEUROLOGY,CUDDALORE,13,EAST COAST HOSPITAL PONDICHERRY TN.,"No 1, Paris Nagar,Moolakulam,Puducherry",9842353322
NEUROLOGY,CUDDALORE,487,"MANAKULA VINAYAGAR MEDICAL COLLEGE, PONDICHERRY TN","Kalitheerthalkuppam, Madagadipet, Puducherry",9443228493
NEUROLOGY,CUDDALORE,1093,"Govt Hospital Tittakudi, Cuddalore TN.","Cuddalore Main Road,Thittakudi",9443422828
NEUROLOGY,CUDDALORE,1090,"Govt Hospital Kurinjipadi, Cuddalore TN.","S.K.S NAGAR, NEAR BUS STAND,KURINJIPADI",8870514257
NEUROLOGY,CUDDALORE,248,"Govt. Chidambaram Hospital, Cuddalore TN.","SP KOIL STREET,CHIDAMBARAM(TK),CUDDALORE(DT).",9176555345
NEUROLOGY,CUDDALORE,786,"Jipmer Hospital Pondicherry,TN.","Dhanvantri Nagar, Gorimedu, Puducherry,",0413-2296501
NEUROLOGY,CUDDALORE,1092,"Govt Hospital kattumannarkudi,Cuddalore TN.","CHIDAMBARAM MAIN ROAD,UDAIYARKUDI,KATTUMANNARKOIL",9791181264
NEUROLOGY,CUDDALORE,250,"Govt.Head Quarters Hospital,Cuddalore TN.","Nellikuppam Main Road,Cuddalore",9442971280
NEUROLOGY,CUDDALORE,1091,"Govt Hospital Panruti, Cuddalore TN.","KUMBAKONAM ROAD, GOVT HOSPITAL, PANRUTI",9486836132
NEUROLOGY,CUDDALORE,488,"PIMS, Pondicherry TN.","Kalathumettupathai, Ganapathichettikulam, Village No.20, Kalapet, Puducherry",9443721391
NEUROLOGY,CUDDALORE,249,"Govt. Virudhachalam Hospital, Cuddalore TN.","Thenkottai veethi, virudhachalam",9965311944
NEUROLOGY,CUDDALORE,486,"Mahatma Gandhi Medical College,Pondicherry TN.",PONDY CUDDALORE MAIN ROAD PILLAIYARKUPPAM PUDUCHERRY,9442503636
NEUROLOGY,CUDDALORE,485,"Arupadaiveedu medical college,Cuddalore TN.","PONDY -CUDDALORE MAIN ROAD 
KIRUMAMBAKKAM
PUDUCHERRY - 607 403",0413-2615185
NEUROLOGY,CUDDALORE,1089,"Rajah Muthiah Med Coll And Hospital, Cuddalore TN.","ANNAMALAI UNIVERSITY, ANNAMALAI NAGAR,Chidambaram",9842338163
NEUROLOGY,CUDDALORE,1094,"Govt Hospital Parangipetai,Cuddalore TN.","Kutchery street, cuddalore, Parangipettai,",9489840758
NEUROLOGY,Dharmapuri,653,"Govt Hospital, Palacode, Dharmapuri TN.","Government Hospital, Bye pass Road, Palacode",4348222025
NEUROLOGY,Dharmapuri,258,"Govt. Dharmapuri Medical College,Dharmapuri TN.","NETHAJI BYE-PASS ROAD,",4342234833
NEUROLOGY,Dharmapuri,257,"Govt Hospital Harur,Dharmapuri TN.","DHARMAPURI MAIN ROAD, HARUR (TK) DHARMAPURI (DT)",4346222800
NEUROLOGY,Dharmapuri,256,"Govt. Head Quarters Hospital,Dharmapuri TN.","Govt Dist HQRS Hospital, Pennagaram dHARMAPURI DISTRICT",4342255674
NEUROLOGY,Dharmapuri,263,"Om Sakthi Hospital,Dharmapuri TN.","OM SAKTHI HOSPITAL NO:4, SENGODIPURAM, DHARMAPURI",9366611583
NEUROLOGY,Dharmapuri,841,"Govt Hospital, Pappireddipatti, Dharmapuri TN.",PAPPIREDDIPATTI.PIN;636905,4346246222
NEUROLOGY,Dindigul,3552,"Govt Hospital, Thandikudi, Dindigul TN.","Thandikudi, Kodaikanal, Dindigul",9597333064
NEUROLOGY,Dindigul,3539,"Govt Hospital, Ayakudi, Palani, Dindigul TN.","Dindigul Main Road, Ayakudi, Palani, Dindigul.",9443250974
NEUROLOGY,Dindigul,3498,"Government Medical College, Dindigul TN.","TRICHY ROAD, DINDIGUL",9841236486
NEUROLOGY,Dindigul,3541,"Govt Hospital, Natham, Dindigul TN.","Dindigul Main Road, Natham, Dindigul.",7010742116
NEUROLOGY,Dindigul,3551,"Govt Hospital, Pannaikadu, Dindigul TN.","Pannaikadu, Kodaikanal, Dindigul",8610522232
NEUROLOGY,Dindigul,3542,"Govt Hospital, Pattiveeranpatti, Dindigul TN.","Pattiveeranpatti, Nilakottai(Taluk), Dindigul.",9788202403
NEUROLOGY,Dindigul,3537,"Govt Hospital,Oddanchatteran,Dindigul TN.","GOVT HOSPITAL, DHARAPURAM ROAD ,ODDANCHATRAM",9487748897
NEUROLOGY,Dindigul,3538,"Govt Hospital, Athoor, Dindigul TN.","Athoor, Dindigul.",8825969611
NEUROLOGY,Dindigul,3510,"Govt. Head Qrtrs Hosp, Palani, Dindigul TN.","DINDIGUL MAIN ROAD,NEAR BUS STAND, PALANI, DINDIGUL",9842146066
NEUROLOGY,Dindigul,3540,"Govt Hospital, Batlagundu, Dindigul TN.","Near Police Station, Batlagundu, Dindigul.",9442361455
NEUROLOGY,Dindigul,3521,"Govt Hospital, Vedachandur, Dindigul, TN.","VADAMADURAI ROAD, VEDASANDUR",9443060118
NEUROLOGY,Dindigul,274,"J J Arul Hospital,Dindigul TN.","Madurai NH, Opp.parvathy's Arts & Science college, Thomaiyarpuram, Begambur(po), Dindigul-624002",9600821464
NEUROLOGY,Dindigul,280,"Sanjay Surgical Hospital,Dindigul TN.","SUPRAMANIAPURAM,PALANI-624601",9842141717
NEUROLOGY,Dindigul,3495,"Govt Hospital, Nilakottai,Dindigul, TN.","DINDIGUL  ROAD, THULLUPATTI, NILAKOTTAI",9443805219
NEUROLOGY,Dindigul,3493,"Govt Hospital, Kodaikkanal,Dindigul, TN.","P.T.ROAD, KODAIKANAL",9943842160
NEUROLOGY,Dindigul,827,"Vel Multispeciality Hospital,Dindugul TN.","11,VEL NAGAR, GOUNDER ITTERY ROAD, PALANI,DINDIGUL, TAMIL NADU - 624601",9842047777
NEUROLOGY,ERODE,1007,"Govt. Hospital,Sathyamangalam, Erode TN.","MEDICAL OFFICER GOVERNMENT ANNA HOSPITAL, SATHYAMANGALAM.",9865782139
NEUROLOGY,ERODE,396,"Govt. Hospital,Anthiyur, Erode TN.","SH 175, Anthiyur, Tamil Nadu 638501",9688799551
NEUROLOGY,ERODE,290,"CK Hospital,Erode TN.","41,BALASUBBRAYALU ST,ERODE",9442605353
NEUROLOGY,ERODE,310,"Maaruthi Mediccal Center And Hospitals, Erode TN.","564, PERUNDURAI ROAD, ERODE",9842796660
NEUROLOGY,ERODE,980,"Care24 Medical Centre and Hospital, Erode TN.",No. 78/1 to 10. Perundurai Road,8883311164
NEUROLOGY,ERODE,299,"Govt. Hospital Gobichettipalayam, Erode TN.","NEW HOSPITAL STREET,GOBICHETTIPALAYAM.ERODE(DT)",8870889012
NEUROLOGY,ERODE,309,"Lotus Hospitals Research Centre Ltd,Erode TN.",90 THAYUMANAVA SUNDARAM STREET POONDURAI MAIN ROAD KOLLAMPALAYAM,9994477725
NEUROLOGY,ERODE,806,"Bharathi Heart and Maternity Hospital,Erode TN.",3 EVN ROAD ERODE,9443317575
NEUROLOGY,ERODE,763,"Govt Hospital Bhavani, Erode TN.","ANTHIYUR MAIN ROAD,BHAVANI.",9566394643
NEUROLOGY,ERODE,304,"KGR Surgical Nursing Home,Erode TN.","9, KOTTANAKARA STREET, ATHANI ROAD",9443320587
NEUROLOGY,ERODE,286,"Ashok Krishna Hospital,Erode TN.","60A,DEVAPURAM,BHAVANI BHAVANI(TK),ERODE(DT)",9443027819
NEUROLOGY,ERODE,316,"Senthil Multi Speciality Hospital,ErodeTN.","547, Perundurai Road, Erode - 638011. Tamil Nadu",9843062620
NEUROLOGY,ERODE,396,"Govt. Hospital,Perundurai, Erode TN.","Perundurai, Tamil Nadu 638052",9843844789
NEUROLOGY,ERODE,289,"City Hospital,Erode TN.","City Hospital 87, RKV Road Opp. Krishna Theatre Road Erode - 638 003",9843025300
NEUROLOGY,ERODE,297,"KMCH Speciality Hospital,Palaniyappa St,Erode TN.","16,palaniappa street",9443782920
NEUROLOGY,ERODE,3241,"Govt Hospital Kodumudi, Erode TN.",Government hospital kodumudi  near taluk office,7358125823
NEUROLOGY,ERODE,302,"Govt. Erode Medical College and Hosp, Erode TN.",PERUNDURAI SANATORIUM ERODE DISTRICT 638 053 TAMILNADU,9578917723
NEUROLOGY,ERODE,300,"Govt.Head Quarters Hospital,Erode TN.",GOVERNMENT HEAD QUARTERS HOSPITAL - E V N ROAD ERODE - 638009,9698920323
NEUROLOGY,ERODE,3242,"Govt Hospital Kavunthapadi, Erode TN.","Govt Hospital, Anthiyur Main Road, Kavindapadi",9865171189
NEUROLOGY,KALLAKURICHI,737,"SRI SANJEEVI HOSPITAL, VILLUPURAM TN.",52B 8/6 DURUGAM ROAD,9750999354
NEUROLOGY,KALLAKURICHI,780,"Govt.Head Quarters,Thirukovilur,Kallakurichi TN.","Hospital Road, Govt Hospital, Thirukovilur, PIN : 605757",8098969896
NEUROLOGY,KALLAKURICHI,1361,"Govt Hospital Sankarapuram, Villupuram TN.","Government? hospital,Sankarapuram - 606401",7373549369
NEUROLOGY,KALLAKURICHI,758,"Govt Hospital Ulundurpet, Villupuram TN.","JUBILEE ROAD , GOVT HOSPITAL , ULUNDURPET , VILLUPURAM (DT) - PIN CODE : 606107",9688576134
NEUROLOGY,KALLAKURICHI,730,"Govt.Medical College and Hosp, Kallakurichi TN.","Gandhi Raod - (Near ALC Church ),Kallakurichi,Villupuram-Dt:606202",7010037578
NEUROLOGY,KALLAKURICHI,1410,"Govt Hospital, Chinnasalem, Kallakurichi TN.","Chinnasalem, kallakurichi",9629496196
NEUROLOGY,Kancheepuram,3522,"Govt Hospital, Sriperambudur, Kanchipuram. TN.","SH 57, KATCHIPEDU, SRIPERUMBUDUR, TAMIL NADU 602105",9443549747
NEUROLOGY,Kancheepuram,3524,"Govt. Head Quarters Hospital,Kancheepuram TN.","HOSPITAL RD, ENNAIKARAN, KANCHIPURAM, TAMIL NADU 631501",9092034516
NEUROLOGY,Kancheepuram,3549,"Govt Hospital,Uthiramerur,Kancheepuram TN.?","Government hospital Uthiramerur, Vandavasi Road, Uthiramerur","044-27272195, 8"
NEUROLOGY,Kancheepuram,1303,"Saveetha Medical Centre,Thandalam,Kancheepuram TN.","Saveetha Ngar, Thandalam, Chennai",9841185648
NEUROLOGY,Kancheepuram,1199,"MAHALAKSHMI MULTI SPEC HOSPITAL, KANCHIPURAM TN.","Kundrathur-sriperumbudur Main Road,",9042363085
NEUROLOGY,Kancheepuram,345,"MEENAKSHI MEDICAL COLLEGE, KANCHEEPURAM TN.","ENATHUR, KARRAPETTAI POST, KANCHIPURAM",9444018238
NEUROLOGY,Kancheepuram,3550,"Govt Hospital,Walajabad,Kancheepuram TN.","Government hospital, Vandalur Road, Walajabad",9994518953
NEUROLOGY,Kancheepuram,3275,"Saveetha Medical Coll and Hosp, Kancheepuram TN.","SAVEETHA NAGAR, THANDALAM, KANCHEEPURAM",9551270101
NEUROLOGY,Kancheepuram,3526,"Govt ArignarAnna Cancer Hospital, Kancheepuram TN.","ASIAN HIGHWAY 45, KARAPETTAI, TAMIL NADU 631552",9442526244
NEUROLOGY,Kancheepuram,3251,"SRI RAMACHANDRA MEDICAL CENTER,KANCHEEPURAM TN.","NO.1,, SRI RAMACHANDRA NAGAR, PORUR,KANCHEEPURAM",8939411868
NEUROLOGY,KANYAKUMARI,1026,"Muthu Neuro Centre, Kanyakumari TN.","18/51H ASHOK NAGAR, THIRUVANANTHAPURAM ROAD, CHUNKANKADAI",9894037108
NEUROLOGY,KANYAKUMARI,359,"Dr.Jeyasekharan Medical Trust,Kanyakumari TN.","K.P.Road, Nagercoil",9842136282
NEUROLOGY,KANYAKUMARI,3237,"Govt. Hospital karungal, Kanyakumari TN.","Government Hospital ,sundavilai, Karungal.",9894170489
NEUROLOGY,KANYAKUMARI,799,"Siva Hospital, Kanyakumari TN.","West coast road, Eathamozhi po.",8973027272
NEUROLOGY,KANYAKUMARI,365,"Govt hospital,kulithurai,Kanyakumari,TN.",Govt.Hospital Kuzhithurai,9894360423
NEUROLOGY,KANYAKUMARI,367,"Kanyakumari Medical College Hosp, Kanyakumari TN.","Kanyakumari Govt. Medical College Hospital,Asaripallam",9443142633
NEUROLOGY,KANYAKUMARI,355,"Annammal Hospital,Kanyakumari TN.","11/45B3 ,Kuzhithurai ,Kuzhithurai po.",9788860027
NEUROLOGY,KANYAKUMARI,368,"Holy Cross Hospital, Kanyakumari TN.","Holy Cross Hospital,Vettoornimadam,Nagercoil-",9486511799
NEUROLOGY,KANYAKUMARI,379,"Subam Hospital, Kanyakumari TN","215,Asambu road,Opp SMRV school,vadasery,Nagercoil,K.K.Dist",9943051031
NEUROLOGY,KANYAKUMARI,378,"Sri Mookambika Inst of Med Scs Hosp,Kanykumari TN.","VPM Hospital complex,Padanilam, Kulasekharam",9894278335
NEUROLOGY,KANYAKUMARI,3238,"Govt. Hospital Kanyakumari Taluk, Kanyakumari TN.","605/2, Government Taluk Hospital
Near Police station
Kanyakumari",8489788115
NEUROLOGY,KANYAKUMARI,750,"C.S.I Mission Hospital,kanyakumari TN.","CSI Mission Hospital, Neyyoor p.o",9442383347
NEUROLOGY,KANYAKUMARI,366,"Govt.HQ Hospital,Padmanabhapuram,Kanyakumari TN.","Padmanabapuram, Thuckalay",9894554032
NEUROLOGY,KANYAKUMARI,1095,"Govt Hospital Kulasekaram, Kanyakumari TN.",Govt Hospital Kulasekaram,9487021570
NEUROLOGY,KANYAKUMARI,765,"Govt Hospital Bhoothapandi,Kanyakumari TN.",Govt Hospital Bhoothapandi,9677326143
NEUROLOGY,KANYAKUMARI,3240,"Govt Hospital Arumanai ,Kanyakumari TN.","govt hospital Arumanai, nediyasalai, Arumanai po",8098233797
NEUROLOGY,KANYAKUMARI,370,"Joseph Sahaayam Speciality Hospital,Kanyakumar TN.","Ganesapuram road, Nagercoil -",9443357604
NEUROLOGY,KANYAKUMARI,1721,"Govt Hospital.Colachal,Kanyakumari TN.","Govt hospital colachal,main road colachel,kalkulam taluk,kanyakumari dist",9025685389
NEUROLOGY,Karur,0,"Amaravathi Hospital,Karur TN.","NO:74,RAMANUJAM NAGAR,COVAI ROAD,KARUR",9843026597
NEUROLOGY,Krishnagiri,0,"P.E.S.I.M.S.R Hospital, Chittoor, Krishnagiri TN.","MEDICAL SUPERINTENDENT PESIMSR CAMPUS, NALAGAMPALLE, KUPPAM",9880778829
NEUROLOGY,Krishnagiri,0,"Chandrasekara Hospital, Hosur, Krishnagiri TN.","M1 & H.23, SF 749, AVALAPALLI HOUSING BOARD, BAGALUR ROAD, HOSUR -635109",7867016661
NEUROLOGY,MADURAI,3232,"Hannah Joseph Hospital Pvt Ltd, Madurai TN.","Hannah Joseph Hospital Pvt. Ltd., R.S.No. 115/3B2&116/1A2, Madurai - Tuticorin Ring Road (NH-7) M",6369745562
NEUROLOGY,MADURAI,871,"VMC Speciality Hospital, Madurai TN.","Velammal Medical College Hospital & Research Institute,Madurai-9",0452 - 2510000
NEUROLOGY,MADURAI,1098,"Govt Hospital Vadipatti,Madurai TN.","Near Bus Stand,Vadipatti",9865646365
NEUROLOGY,MADURAI,409,"Govt Hospital Thirumangalam, Madurai TN.","Munscief Court Road,Thirumangalam
Near Municipal Office,",9486779033
NEUROLOGY,MADURAI,408,"Govt.HQ Hospital,Usilampatti,Madurai TN.","Peraiyur Road,Usilampatti",9994242839
NEUROLOGY,MADURAI,1010,"Sri Lakshmi Hospital,Madurai,TN.","210A,Byepass Road,Bethaniyapuram,Madurai.",9443270177
NEUROLOGY,MADURAI,857,"GOVT HOSPITAL PERAIYUR, Madurai TN.","Perumal Kovil Street,
Melapatti Road,Peraiyur",9443956602
NEUROLOGY,MADURAI,426,"Preethi Hospital,Madurai TN.","No : 27,Ganesh Nagar , 120 Feet Street ,K.Pudhur , Madurai-7",9443033962
NEUROLOGY,MADURAI,495,"Guru Multispeciality Hospital,Madurai TN.","4/120 F, Pandi Kovil Ring Road,Mattuthavani,Madurai - 107.",9486467768
NEUROLOGY,MADURAI,434,"SUGAM HOSPITAL, Madurai TN.","No.7/478, Theni Road,Checkanurani,Madurai - 514",9944512601
NEUROLOGY,MADURAI,423,"Meenakshi Mission Hosp and Rsrch Centr,Madurai TN.","Lake Area,Melur Road,Madurai -107",98421 56158
NEUROLOGY,MADURAI,3213,"Govt Hospital,Shozhavandan,Madurai TN.","SHOLAVANDAN (SUB OFFICE), VADIPATTI,MADURAI, TAMIL NADU,625214",9894315785
NEUROLOGY,MADURAI,1099,"Govt Hospital Tiruparankundram,Madurai TN.","Periya Ratha Veethi, Market Road, Thirupparankundram",8825839609
NEUROLOGY,MADURAI,432,"SKG Hospital, Madurai TN.","19/1-Chinnamani Street, Bustand Back Side, Thirumangalam, Madurai (D.T)-706",9842122981
NEUROLOGY,MADURAI,410,"Govt hospital,Melur,Madurai,TN","Alagar Kovil Road,Melur",9894283906
NEUROLOGY,MADURAI,405,"BGM Hospital,Madurai TN.","249,New Natham Raod,Ayyer Bungalow,Madurai-17",9047047148
NEUROLOGY,MADURAI,419,"Karunai Multispeciality Hospital, Madurai TN.","202, Nethaji Main Road, B.B. Kulam, Madurai - 2",9443830249
NEUROLOGY,MADURAI,429,"Saravana Hospital,Madurai TN.","7A Maruthupandiar Nagar,Narimedu,Madurai-2",9842153022
NEUROLOGY,MADURAI,425,"Poobathiammal Hospital,Madurai TN.","Opp: T.E.L.C Hsc. School, Periyur Road, Usilampatti, Madurai",9443325340
NEUROLOGY,MADURAI,422,"Govt. Rajaji Hospital,Madurai TN.","Panagal Road,Goripalayam,Madurai",9677752252
NEUROLOGY,Namakkal,451,"MAHARAJA SPECIALITY HOSP MOHANUR ROAD,NAMAKKAL TN.","78-C, MOHANUR RD, K K NAGAR, NAMAKKAL",9894323464
NEUROLOGY,Namakkal,454,"MARUTHI HOPSITAL SALEM RD,NAMAKKAL TN.","743E, SALEM RD, SWAMY NAGAR, NAMAKKAL,",9842729579
NEUROLOGY,Namakkal,3544,"Govt Hospital, Valavanthinadu, Namakkal TN.","Govt Hospital, Valavanthinadu, Semmadu,KolliHils (Tk),Namakkal (Dt)",9843328168
NEUROLOGY,Namakkal,3503,"Govt. Head Qrtrs Hosp, Rasipuram, Namakkal TN.",RASIPURAM,9443701369
NEUROLOGY,Namakkal,3348,"Swamy Vivekananda MC, Namakkal TN.","?D.NO: 25, 8, Old Munsif Ct St, Namakkal, Tamil Nadu 637001",9443791234
NEUROLOGY,Namakkal,3545,"Govt Hospital, Vennandur, Namakkal TN.","Govt Hospital,Vennadur,Rasipuram (Tk),Namakkal (Dt)",8973505860
NEUROLOGY,Namakkal,456,"SAKTHI HOSPITAL,NAMAKKAL TN.","6/920, TIRUCHENGODE - NAMAKKAL",9943930610
NEUROLOGY,Namakkal,3520,"Govt Hospital, Sendamangalam, Namakkal TN.","MOHANUR - NAMAKKAL - SENDAMANGALAM - RASIPURAM ROAD, SENTHAMANGALAM, TAMIL NADU 637409",9443239222
NEUROLOGY,Namakkal,466,"VIVEKANANDHA MEDICAL CARE HOSPITAL, NAMAKKAL TN.","TIRUCHENGODE - NAMAKKAL - TRICHY RD, ELAIYAMPALAYAM",9442552953
NEUROLOGY,Namakkal,3543,"Govt Hospital,Pallipalayam, Namakkal TN.","Govt Hospital Pallipalayam,Avarangadu, Kumarapalayam (TK), Namakkal Dt.",9842197134
NEUROLOGY,Namakkal,3261,"MANICKAM HOSPITAL, RASIPURAM, NAMAKKAL TN.","NO. 132, ANNA SALAI, NEW BUS STAND RD, E.B.COLONY, VIP NAGAR, NAMAKKAL",9047333666
NEUROLOGY,Namakkal,3483,"Govt Hospital Kumarapalayam, Namakkal TN.","NADARAJA NAGAR KOMARAPALAYAM, TAMIL NADU 638183",9442335163
NEUROLOGY,Namakkal,3507,"Government Medical College, Namakkal TN.","THILLAIPURAM, NAMAKKAL, TAMIL NADU 637001",9092134058
NEUROLOGY,Namakkal,463,"THANGAM HOSPITAL, NAMAKKAL TN.","54, DR. SANKARAN ROAD, NAMAKKAL,?",9843030685
NEUROLOGY,Namakkal,3497,"Govt hospital Paramathyvelur,Namakkal TN.","THILLAIPURAM, NAMAKKAL, TAMIL NADU 637001",9994433375
NEUROLOGY,Namakkal,3482,"Govt Hospital Thiruchengodu,Namakkal TN.","KAMALAR,, TIRUCHENGODE, TAMIL NADU 637211",9443292073
NEUROLOGY,Namakkal,3356,"CM Best Hospitals,Namakkal TN.","No-74/47 a,Mohanur Road,Namakkal",9443343666
NEUROLOGY,Nilgiris,0,"Nankam Hospital,Nilgiris TN.",RAJAGI NAGAR BEDFORD NEAR YWCA COONOOR. THE NILGIRIS,9443235084
NEUROLOGY,Nilgiris,0,"KIMS AL Shifa Healthcare Pvt Ltd, Kerala TN.","PB No. 26, Ootty Road, Perinthalmanna, Malappuram Dist., Kerala - 679 322",9447180941
NEUROLOGY,Nilgiris,0,"Ashwini Gudalur Tribal Hospital,Nilgiris TN.","10/147 G2,G3 Kotharvayal, Gudalur, The Nilgiris - 643212",9448367425
NEUROLOGY,Palakkad,0,"PIMS Hospital, Palakkad TN.","PALAKKAD INSTITUTE OF MEDICAL SCIENCES, OPP DEER FOREST, WALAYAR,PALAKKAD-678624","9080593550,   9"
NEUROLOGY,Perambalur,0,"DHANALAKSHMI SRINIVAS HOSPITAL,PERAMBALUR TN.","NH-45, Trichy Chennai Highway,",9443846733
NEUROLOGY,Perambalur,0,"DHANALAKSHMI SRINIVASA SPR SPL HOS, PERAMBALUR TN.","NH-45, Trichy Chennai Highway, Siruvachur, Perambalur",9443846733
NEUROLOGY,PUDUKOTTAI,1101,"Govt Hospital Gandarvakottai,Pudukottai TN.","OPPOSITE POLICE STATION, GANDARVAKOTTAI, PUDUKKOTTAI(DT).",9787347111
NEUROLOGY,PUDUKOTTAI,1381,"Govt Hospital Keeranur ,Pudhukottai TN.","OVK Nagar, Keeranur,? Pudhukottai- 622502",04339-262228
NEUROLOGY,PUDUKOTTAI,1133,"Govt Hospital Viralimalai, Pudukkotai TN.","Dindugal Main Road viralimali, Pudukkotai",9487602238
NEUROLOGY,PUDUKOTTAI,1102,"Govt Hospital Annavasal,Pudukottai TN.","VIRALIMALAI ROAD, ANNAVASAL",9865797779
NEUROLOGY,PUDUKOTTAI,1188,"Govt Hospital Alangudi, Pudukkottai TN.","Govt Hospital Bharathiar Salai, Alangudi,  PUDUKKOTTAI -   622301",9750969955
NEUROLOGY,PUDUKOTTAI,1380,"Govt Hospital Valayapatti, Pudhukottai TN.","government hospital, market road, karambagudi, pudukkottai district",4333262047
NEUROLOGY,PUDUKOTTAI,494,"Govt Hospital,Thirumayam,Pudukottai,TN","NEAR BUS STAND, THIRUMAYAM, PUDUKKOTTAI(DT)",9486541999
NEUROLOGY,PUDUKOTTAI,1138,"Govt Hospital illuppur, Pudukkottai,TN",Medical officer Govt Hospital Illuppur Pudukkotai -622001,9003686328
NEUROLOGY,PUDUKOTTAI,1144,"Govt Hospital Manamelkudi,Pudukottai TN.",Medical Officer Government Hospital EC Road Manamelkudi Pudukkottai-DT-614620,9940261919
NEUROLOGY,PUDUKOTTAI,496,"M Malar Hospital,Pudukottai TN.","T.S.No.5590, South 4th street, Govt Hospital North Road, Pudukottai.",9487406110
NEUROLOGY,PUDUKOTTAI,1382,"Govt Hospital Avudayar Kovil, Pudhukottai TN.","Avudaiyarkoil-Mimisal Rd, Avudaiyarkoil, Pudhukottai- 614618",04371-233400.
NEUROLOGY,PUDUKOTTAI,493,"Govt.Head Quarters,Arranthangi,Pudukottai TN.","PATTUKOTTAI ROAD, ARANTHANGI, PUDUKKOTTAI(DT)",9486782509
NEUROLOGY,PUDUKOTTAI,492,"Govt Pudukottai MCH, Pudukottai TN.","GOVT MEDICAL COLLEGE & HOSPITAL,  PUDUKKOTTAI TK,PUDUKKOTTAI (DT)",9442449641
NEUROLOGY,PUDUKOTTAI,1383,"Govt Hospital Karambakudi, Pudhukottai TN.","BUNGALOW KULAM STREET,KARAMBAKUDI,PUDUKKOTTAI-601302",9500609344
NEUROLOGY,RAMANATHAPURAM,638,"Govt Hospital,Thiruvadanai,Ramanthapuram TN.","Govt.Taluk Hospital,Taluk office(opp)
Madurai-Thondi Road",9629259652
NEUROLOGY,RAMANATHAPURAM,360,"Govt.Upgraded PHC,Sayalkudi,Paramakudi,Ramnad TN.","Govt. Upgraded PHC, Near Bus Stand, Sayalkudi",9994761143
NEUROLOGY,RAMANATHAPURAM,639,"Govt Hospital,Rameshwaram,Ramanathapuram TN.","6 LINE STREET,RAILWAY FEEDER ROAD,RAMESWARAM",9751453392
NEUROLOGY,RAMANATHAPURAM,637,"Govt Hospital,Mudukalathur,Ramanthapuram TN.","Govt.Hospital,  Near bus stand, Pmk Road, Mudukulathur",8807008455
NEUROLOGY,RAMANATHAPURAM,508,"Rajan Clinic, Ramanathapuram TN.","27/1 R.R. Sethupathy Nagar, Ramanathapuram.",9443321225/9952
NEUROLOGY,RAMANATHAPURAM,759,"Govt Hospital,Uchipuli, Ramanathapuram TN.",GPHC UCHIPULI .RAMNAD DIST,9841819841
NEUROLOGY,RAMANATHAPURAM,772,"Govt Hospital Kamudhi,Ramanathapuram TN.","ARUPPUKOTTAI MAIN ROAD,KAMUTHI",9843977079 / 94
NEUROLOGY,RAMANATHAPURAM,503,"Govt.Ramanathapuram Medical college,Ramanad TN.","Maharaja Silks Opposite,Ramanathapuram",9443920121
NEUROLOGY,RAMANATHAPURAM,760,"Govt Hospital,Parthibanur,Ramanathapuram,TN.",Parthibanur,9942733870
NEUROLOGY,RAMANATHAPURAM,773,"Govt Hospital Keelakkarai,Ramanathapuram TN.",Govt Hospital Vallal Seethakathi Salai Kilakarai,9444463923
NEUROLOGY,RAMANATHAPURAM,502,"Govt.Head Qrtrs Hosp Paramakudi,Ramanathpuram TN.","Govt.Hospital,Kattu Paramakudi,Paramakudi.",9486819186
NEUROLOGY,RANIPET,714,"Govt.Head Quarters Hospital,Wallajah,Ranipet TN.","mbt road, walajapet",9894534634
NEUROLOGY,RANIPET,1236,"Govt. Hospital, Arcot, Vellore TN.","KALAIVAI ROAD,ARCOT VELLORE DISTRICT",7708897573
NEUROLOGY,RANIPET,757,"Govt Hospital Sholingur, Vellore TN.","CHITTOOR ROAD, NEAR COURT SHOLINGUR (V), WALAJAH(TK), VELLORE(DT). 631102",9884431726
NEUROLOGY,RANIPET,787,"Govt. Hospital Arakonam Vellore,TN.","NO.8, GANDHI ROAD, ARAKKONAM VELLORE",7639134454
NEUROLOGY,Salem,0,"Sri Shellappa Hospital Rajaram Nagar,Salem TN.","239, Rajaram nagar, Near gandhi stadium, Salem",9952401633
NEUROLOGY,Salem,0,"Neuro Foundation Three Roads,Salem TN.","4/1,4/2, VIJAYARAJ TOWERS, MEYANOOR MAIN ROAD,THREE ROADS,",9442700680
NEUROLOGY,Salem,0,"Shanthi Nursing Home, Dadagapatti, Salem TN.","NEW MARIAMMAN KOIL STREET, NEAR PRABATH SIGNAL, DADAGAPATTI,",9442563602
NEUROLOGY,Salem,0,"Sundaram Multispeciality Hospital, Salem TN.","SADAGOPAN STREET, NORTH UDAYARPALAYAM, NEAR GANDHI STATUE ATTUR, SALEM DISTRICT - 636102",8825958177
NEUROLOGY,Salem,0,"Kurinji Hospital,Salem TN.",Dr.Teejay Salai Five Roads Opp Chenneys gateway,9443244774
NEUROLOGY,Salem,0,"Kamala Hospital Agraharam,Salem TN.","256 SREE KRISHNA COMPLEX, 2ND AGRAHARAM, SALEM",9842711234
NEUROLOGY,Salem,0,"Deepam Hospital,Salem TN.","2/1 GANAPATHY NAGAR, CUDDALORE MAIN ROAD, BELUR PIRIVU ROAD, VAZHAPADY(PO) & (TK)",9787704400
NEUROLOGY,Salem,0,"SIMS Chellum hospital,Salem TN.","31/3C, VIJAYARAGAVACHARIYAR ROAD OFF.GANDHI ROAD, SALEM.",9787965188
NEUROLOGY,Salem,0,"Vinayaga Mission Kirubananda Med Colg Hp,Salem TN.","Sankari Main Road (NH-A1), Seeragapadi (Post)",9655218468
NEUROLOGY,Salem,0,"Kauvery Hospital, Seelanaickenpatti, Salem TN.","9/50 TRICHY MAIN ROAD,SEELNAIKANPATTY,SALEM",9344503284
NEUROLOGY,Salem,0,"Saravana Hospital,Ammapet,Salem TN.","14.Thillai Nagar, 1st Cross",9585500116
NEUROLOGY,Salem,0,"Sree Jayam Ortho and Multispecialty Hosp,Salem TN.","Dr.Kiruba hospital Road,NH -7 Byepass ,Mallur.salem.",9790019192
NEUROLOGY,Salem,0,"Kiruba Hospital Rajaji Road,Salem TN.","RAJAJI ROAD, SALEM - 636007",9843022961
NEUROLOGY,Salem,0,"Universal Cancer Hospital Limited, Salem TN.","370,JARI KONDALAMPATTY,NEAR KONDALAMPATTY ROUNDANA,SALEM-636010",6381221167
NEUROLOGY,Salem,0,"Dr.Sundararajan Neuro Hospital, Salem TN.","166-F AMMACHI GOUNDER STREET RAMAKRISHNA ROAD, SALEM 636 007 TAMILNADU",9659658111
NEUROLOGY,Salem,0,"SKS Hospital,Salem TN.","23 SKS HOSPITAL ROAD, ALAGAPURAM, SALEM -4",8883307777
NEUROLOGY,Salem,0,"Aishwaryam Speciality Hospital, Salem TN.","114/1,BANGALORE BY PASS ROAD, NEAR A.V.R.ROUNDTANA, SALEM",9443698255
NEUROLOGY,Salem,0,"Dr. Thiru Neuro Multi Speclty,Ahragaram,Salem TN.","562/5, CUDDALORE MAIN ROAD, KAMARAJAR NAGAR COLONY, AMMAPET, SALEM",9343379938
NEUROLOGY,Salem,0,"Sri Gokulam Hospital,Salem TN.","UNIT I 3/60, MEYYANUR ROAD, SALEM-636004 UNIT II 202,BANGALORE BYE PASS ROAD, SALEM-636004",9994979797
NEUROLOGY,Salem,0,"Nathan Super Speciaty Hospt Holy Flr Sch,Salem TN.","ADVAITHA ASHRAMAM ROAD,OPP NEW BUS STAND, SALEM",9894276633
NEUROLOGY,Salem,0,"Vinayaka Mission SuperSpecialty Hospital,Salem TN.","NH-47 SANKARI MAIN ROAD,VEERAPANDI(PO) SALEM (DT) PIN : 636308",9362128563
NEUROLOGY,Salem,0,"Nitish Ge and Multispeciality Hospital, Salem TN.","163-167,ARISIPALAYAM MAIN ROAD, FOUR ROADS,SALEM - 636009, TAMILNADU, INDIA.",9790018137
NEUROLOGY,Sivagangai,0,"Senthil Hospital,Sivagangai TN.","9-B,MANTHOPPU STREET,DEVAKOTTAI-630302",9361410220
NEUROLOGY,Sivagangai,0,"Devaki Surgical Clinic,Sivagangai TN.","NO.6 ,ARUNACHALAM,CHETTINAR STREET,NEAR PERIYAR STATUE,KARAIKUDI-630001",9943339995
NEUROLOGY,Sivagangai,0,"Karaikudi Medical Centre,Sivagangai TN.","425, MUDIYARASANAR SALAI, MARUTHURPANDIYAR NAGAR, KARAIKUDI",9443320665
NEUROLOGY,TENKASI,1116,"Govt Hospital Kadayanallur,Tenkasi TN.","NEAR OLD BUS STAND,KADAYANALLUR",9600127965
NEUROLOGY,TENKASI,1125,"Govt Hospital Sivagiri, Tenkasi TN.?","NEAR TALUK OFFICE ,SIVAGIRI",9443043540
NEUROLOGY,TENKASI,1110,"Govt Hospital Sengkottai,Tenkasi TN.","NEAREST TALUK OFFICE,SHENKOTTAI",9487888777
NEUROLOGY,TENKASI,1108,"Govt Hospital Auikudi,Tenkasi TN.","Surandai main road, Govt Hospital, Auikudi",9791696209
NEUROLOGY,TENKASI,626,"Dist. Govt. Head Qrtrs Hosp Tenkasi,TN.","NEAR NEW BUS STAND , TENKASI",7373747521
NEUROLOGY,TENKASI,629,"Govt Hospital Sankarankoil, Tenkasi TN.?","KATCHERI ROAD, SANKARANKOVIL",8754758452
NEUROLOGY,TENKASI,1109,"Govt Hospital Alangulam,Tenkasi TN.","TENKASI ROAD,ALANGULAM",9999743488
NEUROLOGY,TENKASI,1111,"Govt Hospital Puliangudi,Tenkasi TN.","GH Road, Near Water Tank, Puliangudi",9698663340
NEUROLOGY,TENKASI,1124,"Govt Hospital Veerakeralampudur, Tirunelveli TN.","SURANDAI MAIN ROAD ,VEERAKERALAMPUDUR",9578368743
NEUROLOGY,Thanjavur,3561,"Govt Hospital Ayyampettai, Thanjavur, TN.","Bypass Rd, Ayyampettai",9080659261
NEUROLOGY,Thanjavur,3565,"Govt. Hospital, Thiruvaiyaru, Thanjavur TN.",Government Hospital Thiruvaiyaru 613204.,9865124323
NEUROLOGY,Thanjavur,792,Meenakshi Multispeciality Hospital Thanjavur TN.,"244/2, TRICHY MAIN ROAD, NEAR NEW BUS STAND, NILAGIRI THERKKU THOTTAM, THANJAVUR-",7402605533
NEUROLOGY,Thanjavur,3563,"Govt Hospital Nachiyarkoil, Thanjavur, TN.","WC9V+XF6, Thirunariyur",7904151819
NEUROLOGY,Thanjavur,1722,"Govt Hospital,Boothalur,Thanjavur TN.","Boothalur Gh Ayanavaram road,budalur.",8220387014
NEUROLOGY,Thanjavur,1136,"Govt Hospital Papanasam, Thanjavur TN.","Papanasam, Thanjavur",9843627887
NEUROLOGY,Thanjavur,580,"Thanjavur Medical College Hospital,Thanjavur TN.","Thanjavur Medical Collge & Hospital,Thanjavur",04362-240124
NEUROLOGY,Thanjavur,1104,"Govt Hospital Peravurani,Thanjavur,TN.","PATTUKOTTAI ROAD,PERAVURANI.",9843627887
NEUROLOGY,Thanjavur,3567,"Govt. Hospital, Aduthurai, Thanjavur TN.",Avaniyapuram Road Aduthurai,9443340248
NEUROLOGY,Thanjavur,3562,"Govt Hospital Thiruvidaimaruthur, Thanjavur, TN.","XCWX+2WH, Thiruvidaimaruthur",9442141373
NEUROLOGY,Thanjavur,3560,"Govt Hospital Adirampattinam, Thanjavur, TN.","18, Shaduliya St, Adirampattinam",9865540782
NEUROLOGY,Thanjavur,3566,"Govt. Hospital, Thirupananthal, Thanjavur TN.","South street, Thirupananathal",9443485607
NEUROLOGY,Thanjavur,576,"ROHINI HOSPITAL, THANJAVUR TN.","3279-3281/1, ARULANANDA NAGAR EXTRN, EB OFFICE OPPOSITE, PUDUKOTTAI ROAD, THANJAVUR",7373705676
NEUROLOGY,Thanjavur,568,"GOVT. PATTUKOTTAI HOSPITAL, THANJAVUR TN.","Palniyappa Street, Govt Hospital Pattukkottai",9443256390
NEUROLOGY,Thanjavur,934,"KG Multi Speciality Hospital,Thanjavur TN.","2nd Street,V.O.C Nagar,Thanjavur-613007",9842436532
NEUROLOGY,Thanjavur,856,"NATIONAL PHARMA HOSPITAL, Thanjavur TN.","111,Medical College..Vallam Road,opposite south Cultural zone,Thanjavur-613004",9443860890
NEUROLOGY,Thanjavur,1103,"Govt. Raja Mirasdar Hospital, OG , TN.","Anna salai, thanjavur",9444138478
NEUROLOGY,Thanjavur,582,"Vinodhagan Memorial Hospital, Thanjavur TN.","No.3120 & 3121, Trichy Road, Thanjavur, Tamil Nadu",9344345505
NEUROLOGY,Thanjavur,569,"Govt.Head Quarters Hosp Kumbakonam,Thanjavur TN.","Dr moorthy Road,Near court,Kumbakonam",9486218481
NEUROLOGY,Thanjavur,1723,"Govt Hospital,Orathanadu,Thanjavur TN.","GH Orathanadu,Kannanthangudi rd,Orathanadu",9865222811
NEUROLOGY,Theni,0,"DEEPAM HOSPITAL, BODINAYAKANUR, THENI TN.","CHINNAMANUR-PULIKUTHI,MUNNAR RD, AMARAVATHI NAGAR, BODINAYAKANUR,THENI",9894620784
NEUROLOGY,Theni,0,"KRISHNAMMAL MEMORIAL HOSPITAL,THENI TN.","293, PERIYAKULAM ROAD, THENI",9894584876
NEUROLOGY,Theni,0,"NRT HOSPITAL,THENI TN.","MADURAI MAIN RD, SUNNAMBU KALAVARA, NRT NAGAR, THENI,",9894447717
NEUROLOGY,Thirupathur,0,"Kafeel Emergency Care, Vellore TN.","3A DR AZEEM COMPLEX, P J NEHRU ROAD",9790562043
NEUROLOGY,Thirupathur,0,"Krishna Neuro and Multispeciality Hosp,Vellore TN.","93/41A,BYE PASS ROAD,AMBUR",9894217093/9344
NEUROLOGY,Thiruvallur,3555,"Govt Hospital,Pazhaverkadu, Tiruvallur TN.","Govt.Hospital, Kottai st, Pulicut",94455 41993
NEUROLOGY,Thiruvallur,1322,"RPS Hospital, Korattur North, Thiruvallur TN.","65/2, Water Canal Rd, TVS Nagar, Korattur, Chennai",9790834566
NEUROLOGY,Thiruvallur,603,"SUGAM HOSPITAL, THIRUVALLUR TN.","NO. 349,THIRUVOTRIYUR HIGH ROAD, THIRUVOTRIYUR,?",9840217999
NEUROLOGY,Thiruvallur,3505,"Govt. Head Qrtrs Hosp, Tiruthani,Thiruvallur, TN.","PERIYA THERU, MURUGAPPA NAGAR, THIRUTHANI, TAMIL NADU 631209",94444029297
NEUROLOGY,Thiruvallur,3553,"Govt Hospital, Gummudipundi, Tiruvallur TN.","Govt.Hospital Anna Nagar, Kottakarai , Gummidipoondi",9962486073
NEUROLOGY,Thiruvallur,3500,"Government Medical College, Tiruvallur TN.","JN RD, HARIRAM NAGAR, POONGA NAGAR, TIRUVALLUR, TAMIL NADU 602001",9840299870
NEUROLOGY,Thiruvallur,3492,"Govt. Peripheral Hospital,Anna Nagar,Chennai TN.","3RD AVE, ANNAI SATHYA NAGAR, ANNA NAGAR, CHENNAI, TAMIL NADU 600102",9894865959
NEUROLOGY,Thiruvallur,1227,"Govt. Hospital, Madhavaram, Tiruvallur TN.",Madhavaram Govt Hospital Mmc Chennai-600051,9940534388
NEUROLOGY,Thiruvallur,3335,Dr.Mehta Multi Speciality Hospital Tiruvallur TN.,"NO.50,POONAMALLE HIGH ROAD,VELAPPANCHAVADI,CHENNAI 600 077",9840076779
NEUROLOGY,Thiruvallur,3556,"Govt Hospital,Podadurpet,Tiruvallur TN.","GOVERNMENT HOSPITAL,                       Nallathanneerkulam street, Podaturpet, Pincode_631208",9444043600
NEUROLOGY,Thiruvallur,1225,"Govt Hospital, Uthukottai, Tiruvallur TN.","Chetti Street,Govt Hospital, Uthukottai, Thiruvallur",9500107849
NEUROLOGY,Thiruvallur,3257,"The Madras Medical Mission, Thiruvallur TN.","4-A, DR. J. JAYALALITHA NAGAR, MOGAPPAIR,",9940593999
NEUROLOGY,Thiruvallur,3554,"Govt Hospital, Pallipattu, Tiruvallur TN.","Govt. Taluk Hospital, Pallipattu, Thiruvallur",9884518914
NEUROLOGY,Thiruvallur,1226,"Govt. Hospital, Avadi, Tiruvallur TN.","Military Road, Govt. Hospital Avadi, Ch- 54 (Opp.Indian Bank)",9840476722
NEUROLOGY,Thiruvallur,3559,"Govt Hospital,Madhavaram UCHC,Thiruvallur TN.","5644+3HV METTUPALAIYAM, GNT ROAD PUZHAL, MADHAVARAM",7299142026
NEUROLOGY,Thiruvallur,1224,"Govt Hospital Thiruvotriyur, Thiruvallur TN.","Government Hospital Thiruvottiyur , Ellaman Kovil Bus Stop Near Thiruvottiyur Chennai",9840719696
NEUROLOGY,Thiruvallur,1228,"Govt. Hospital, Poonamallee, Tiruvallur TN.","Mulla Thottam, Trank Road, Poonamallee, Chennai-600056.",9443431757
NEUROLOGY,Thiruvallur,3496,"Govt Hospital, Ponneri, Thiruvallur, TN.","NGO NAGAR EXTENSION, PONNERI, TAMIL NADU 601204",8754466905
NEUROLOGY,Tiruchirappalli,3504,"Govt. Head Qrtrs Hosp Manaparai,Trichy TN.","VIRALIMALAI ROAD,MANAPARAI,TRICHY",9940777157
NEUROLOGY,Tiruchirappalli,3533,"Govt Hospital Thuvarankurichi, Trichy TN.","MANAPARAI MAIN ROAD,THUVARAKURICHI- 621314",6380603540
NEUROLOGY,Tiruchirappalli,3340,"Srinivasan Medical College and Hospital,Trichy TN.","NH-45, Trichy Chennai Trunk Road, (Near Samayapuram Toll Plaza) Samayapuram, Tiruchirappalli",9843460333
NEUROLOGY,Tiruchirappalli,686,"G V N Hospital PVT LTD, Trichy TN.","NO : 46 SINGARATHOPE,TRICHY",9943105005
NEUROLOGY,Tiruchirappalli,3502,"Govt Hospital Lalgudi, Trichy TN.","MAIN ROAD,LALGUDI,TRICHY",7598926522
NEUROLOGY,Tiruchirappalli,682,"GKM Hospital,Manaparai,Trichy TN.","NO : TRICHY ROAD,MANAPARAI,TRICHY",9944563568
NEUROLOGY,Tiruchirappalli,3516,"K.A.P.Viswanathan Govt. Medical College,Trichy TN.","PUTHUR ,TRICHY",9443003355
NEUROLOGY,Tiruchirappalli,3260,"A. J. Hospital, Trichy TN.","NO.45,VANDIPETTAI ST,POLICE LANE MANAPPARAI",9842472470
NEUROLOGY,Tiruchirappalli,689,"Kavery Medical Centre and Hospital, Trichy TN.","NO:1, K.C ROAD, TENNUR, TRICHY 17",9965894550
NEUROLOGY,Tiruchirappalli,3518,"Govt. Hospital Srirangam,Trichy TN.","GANTHI ROAD,SRIRANGAM,TRICHY",9994301051
NEUROLOGY,Tiruchirappalli,3268,"Trichy SRM Medi Col Hosp And Res Centr, Trichy TN.","IRUNGALUR, TRICHY - 621 105",9940026012
NEUROLOGY,Tiruchirappalli,3262,"KMC Speciality,Trichy TN.","NO 6, ROYAL ROAD, TRICHY-1",9344503284
NEUROLOGY,Tiruchirappalli,671,"Dayal Nursing Home,Manaparai,Trichy TN.","NO : RAMASAMY STREET, MANAPARAI,TRICHY.",9443160041
NEUROLOGY,Tiruchirappalli,3287,"SMS Hospital, Trichy TN.","NO:128/75 K, SALAI ROAD, JAYANTHI BUS STOP, TRICHY - 620018.",9842462550
NEUROLOGY,Tiruchirappalli,3529,"Govt Hospital Thottiyam,Trichy TN.",TRICHY SALEM MAIN ROAD THOTTIYAM - 621215,9444202309
NEUROLOGY,Tiruchirappalli,1166,"SRI KUMARAN HOSPITAL,TRICHY,TN","NO:50/9, Viralimalai Road, Manapparai",9865420095
NEUROLOGY,Tiruchirappalli,3531,"Govt Hospital Thuvakudi, Trichy TN.","THANJAVUR MAIN ROAD, THUVAKUDI POLICE SATION NEAR, THUVAKUDI , TRICHY -15",9952512035
NEUROLOGY,Tiruchirappalli,3267,"Frontline Hospital,Anna Statue,Trichy TN.","NO : 37&39, CHINTHAMANI BAZAAR,NEAR ANNA STATUE,TRICHY.",9244622086
NEUROLOGY,Tiruchirappalli,3285,"Gitanjali Medical Centre,Pudhur,Trichy TN.","NO :  OPP TO BISHOP HEBER COLLEGE GROUND,VAYALUR ROAD,TRICHY",9842427979
NEUROLOGY,Tiruchirappalli,1060,"Sugam Hospital,Trichy,TN.","No: 63/5, Madurai Road, Manaparai, Trichy- 621307",9944555522
NEUROLOGY,Tiruchirappalli,3293,"Maruti Hospital,Thennur,Trichy TN.","NO : 95 PATTABIRAMAN STREET, TENNUR,TRIUCHIRAPPALLI.",9884903187
NEUROLOGY,Tiruchirappalli,3534,"Govt Hospital Manachanallur, Trichy TN.","No.* , ethu malai road, girls school opposite, Mannachanallur ,Trichy",7538863433
NEUROLOGY,Tiruchirappalli,3532,"Govt Hospital Omanthur, Trichy TN.","GOVT HOSPITAL OMANDUR ,OMANDUR (PO),NEAR CANARA BANK ROAD, MANACHANALLU (TK),TRICHY (D.K)",9443694460
NEUROLOGY,Tiruchirappalli,3292,"Sinduja Hospital,Manaparai,Trichy TN.","NO.76, MADURAI ROAD, MANAPPARAI",9443163101
NEUROLOGY,Tiruchirappalli,3484,"Govt Hospital,Musiri,Trichy TN.","SELAM MAIN ROAD,,MUSIRI,TRICHY",9042826972
NEUROLOGY,Tiruchirappalli,3530,"Govt Hospital Thuraiyur,Trichy TN.","GOVT HOSPITAL THURAIYUR, PERAMBALUR ROAD,THURAIYUR,TRICHY 621010",9865144600
NEUROLOGY,Tiruchirappalli,673,"Dr.G.Viswanathan Speciality Hospitals,Trichy TN.","27, BABU ROAD, TRICHY -8.",9842455566
NEUROLOGY,TIRUNELVELI,636,"Sudharson Platinum Hospital,Tirunelveli TN.","No:4,Salai street,Vannarapettai,Tirunelveli",9443328950
NEUROLOGY,TIRUNELVELI,641,"Tirunelveli Medical College Hosp,Tirunelveli TN.","Tirunelveli Medical College Hospital,High Ground,Tirunelveli",9843051582
NEUROLOGY,TIRUNELVELI,1114,"Govt Hospital Cheranmahadevi,Tirunelveli TN.","Papanasam Main road, Cheranmahadevi.",9944654442
NEUROLOGY,TIRUNELVELI,1106,"Govt.Head Quarters,Vallioor,Tirunelveli TN.","KESAVANERI ROAD,VALLIOOR",8903674811
NEUROLOGY,TIRUNELVELI,1112,"Govt Hospital Koodankulam,Tirunelveli TN.","Govt hospital, radhapuram road, koodankulam.",9489936884
NEUROLOGY,TIRUNELVELI,1132,"Govt Pathamadai CHC,Tirunelveli TN.","NEAR PANJAYATH OFFICE, PATHAMADAI",4622552450
NEUROLOGY,TIRUNELVELI,1107,"Govt Hospital Radhapuram,Tirunelveli TN.","GANAPATHY  NAGAR,RADHAPURAM",9789390997
NEUROLOGY,TIRUNELVELI,1105,"Govt Hospital Nanguneri,Tirunelveli TN.","THIRUMALIGAI STREET,NANGUNERI",9840509959
NEUROLOGY,TIRUNELVELI,1113,"Govt Hospital Kalakad,Tirunelveli TN.","F.M Govt Hospital, Kalakad, Padalayar kulam post",9443080854
NEUROLOGY,TIRUNELVELI,1115,"Govt Hospital Melapalayam,Tirunelveli TN.","Abdulkalam Azadh Road, Melapalayam",9865690769
NEUROLOGY,TIRUNELVELI,635,"Shifa Hospital, Tirunelveli TN.","No.82, Kailasapuram Middle Street, Tirunelveli Junction.",9443152816
NEUROLOGY,TIRUNELVELI,628,"Govt hospital,Ambasamudiram,Tenkasi TN","KASIBANATHARKOIL STREET,AMBASAMUDRAM",8754093555
NEUROLOGY,Tirupur,0,"Rams Multispeciality Centre, Tirupur TN.","No:82 murungapalayam main road, Opp.Bharath petrol bunk , Avinashi road",9047890909
NEUROLOGY,Tirupur,0,"Vel Hospital,Dharapuram,Tirupur TN.","99, UDUMALAI ROAD, CTC TIPPO NEAR,DHARAPURAM.",8400098555
NEUROLOGY,Tirupur,0,"L.G Medical Centre,Kangeyam Road,Tirupur TN.","185/10, kangayam road , nallur, Tirupur.",9843082692
NEUROLOGY,Tirupur,0,"Velan Hospital,Gandhi Road,Avinashi, Tirupur TN.","31,32A1-3,GANDHI ROAD, ANUPPAR PALAYAM PUDUR, TIRUPPUR",9942181874
NEUROLOGY,Tirupur,0,"Malar Priya Medical Center, PN Nagar,Tirupur TN.","#8/1946-M, PONNAMMAL NAGAR, PANDIAN NAGAR, P.N.ROAD, TIRUPUR.",9865802614
NEUROLOGY,Tirupur,0,"Alamelu Balaji Hospital,Tirupur TN.","No.23, Shri Vidhya Nagar, 3rd Street, College Road, Tirupur-641603",9894779909
NEUROLOGY,Tirupur,0,"Revathi Medical Centre, Tirupur TN.","NO.10,VALAYANKADU MAIN ROAD,KUMAR NAGAR,AVINASHI ROAD,TIRUPPUR",9842247997
NEUROLOGY,Tirupur,0,"Sugan Sugaa Medical Centre, Tirupur TN.","#6/1,THIRUNEELAKANDAR STREET, PERIYAYIPALAYAM ROAD",7373733530
NEUROLOGY,Tirupur,0,"Sri Saran Hospital, Tirupur TN.","SF 259, POYAMPALAYAM PIRIVU, P.N.ROAD, TIRUPUR.",9443347975
NEUROLOGY,Tirupur,0,"Nivetha Hospital,Dharapuram,Tirupur TN.","130/114 ,UDUMALAI ROAD, DHARAPURAM",9842293553
NEUROLOGY,Tirupur,0,"Aresta Medical Centre,Palladam Road,Tirupur TN.","141, KAMARAJ ROAD, PALLADAM MAIN ROAD , NEAR OLD BUS STAND , TIRUPUR - 641604.",9715245555
NEUROLOGY,Tirupur,0,"Sri Kumaran Hospital, Tirupur TN.","774, P.N ROAD, NEAR NEW BUS STAND",9842201500
NEUROLOGY,Tiruvannamalai,612,"Ramana Maharishi Hospital, Thiruvannamalai TN.","SHIVA NAGAR ATHIYANDAL VILLAGE, AYYAMPALAYAM POST",9442312855
NEUROLOGY,Tiruvannamalai,608,"Govt. Head Qrtrs Hosp, Cheyyar, Tiruvannmalai TN.","Arcort road,near State Bank,Cheyyar,Thiruvannamalai Dt,604407",9842091542
NEUROLOGY,Tiruvannamalai,1720,"Govt Hospital,Polur,Tiruvannamalai TN.","govt hospital polur,tiruvannamalai",04181-223048
NEUROLOGY,Tiruvannamalai,1267,"Govt Hospital, Chengam, Tiruvannamalai TN.","NEAR ALC CHURCH, MAIN ROAD, CHENGAM ,THIRUVANNAMALAI  - 606701",9176907690
NEUROLOGY,Tiruvannamalai,3564,"Govt Hospital, Thandarampet,Thiruvannamalai TN.","Sathanur dam road, Thandarampet TK Tiruvannamalai District,",9443846402
NEUROLOGY,Tiruvannamalai,3568,"Govt. Hospital, Vembakkam, Thiruvannamalai TN.",GOVT HOSPITAL ARNI PETTAL STREET VEMBAKKAM VEMBAKKAM TK,9786908655
NEUROLOGY,Tiruvannamalai,609,"Govt. Medical Coll and Hosp, Tiruvannamalai TN.","venkikal,Thiruvannamalai ,606601",9443269983
NEUROLOGY,Tiruvannamalai,1268,"Govt Hospital, Chetpet, Tiruvannamalai TN.","Polur Road, Chetpet, Tiruvannamalai - 606801",9840286486
NEUROLOGY,Tiruvannamalai,788,"Govt. Hospital Vandavasi Thiruvannamalai,TN.","Melmaruvathur Road,Vanthavasi,Thiruvannamalai Dt,604408",9080528904
NEUROLOGY,Tiruvannamalai,607,"Govt. Arani Hospital, Tiruvannmalai TN.","Periyar Nagar , Arani.Thiruvannamalai Dt, 632301",9787051518
NEUROLOGY,Tiruvannamalai,3569,"Govt. Hospital, Thanipadi, Thiruvannamalai TN.","THANIPADI,THANDRAMPET TALUK,TIRUVANNAMALAI DISTRICT",9597610120
NEUROLOGY,Tiruvarur,0,"Thiruvarur Medical Centre, Thiruvarur TN.","Near temple tank, Javulikkara Street, Thiruvarur, Tamil Nadu",8754036913
NEUROLOGY,TUTICORIN,1122,"Govt Hospital Ottapidaram,Tuticorin TN.","govt hospital ottapidaram ,Near Taluk Office , Ottapidaram",9486083975
NEUROLOGY,TUTICORIN,1120,"Govt Hospital Kalankudiyirrupu,Tuticorin TN.",NADUKKADAI STREET   . UDANKUDI  . THOOTHUKUDI  DIST  -628203,9486537530
NEUROLOGY,TUTICORIN,703,"Govt Hospital,Thiruchendur,Thoothukudi TN","kamarajar salai,Kanyakumari Rd, Tiruchchendur,",9443625949
NEUROLOGY,TUTICORIN,702,"Govt. Head Qrtrs Hosp Kovilpatti,Tuticorin TN.","NEW ROAD ,KOVILPATTI",9842108804
NEUROLOGY,TUTICORIN,1123,"Govt Hospital Kayalpattanam,Tuticorin TN.","Govt.Hospital,kayalpatnam",9442051485
NEUROLOGY,TUTICORIN,707,"Toothukudi Medical College,Tuticorin TN.","Thoothukudi Medical College Hospital, Tuticorin",9443282398
NEUROLOGY,TUTICORIN,1131,"Govt Hospital Srivaikundam, Tuticorin TN.","Srivaikundam government Hospital,Tuticorin",9443403252
NEUROLOGY,TUTICORIN,1130,"Govt Hospital Ettayapuram, Tuticorin TN.","Government Hospital, Naduvirpatti,Ettayapuram,Tutucorin-628902",9442054871
NEUROLOGY,TUTICORIN,1121,"Govt Hospital Sathankulam,Tuticorin TN.","38 south car st,
Sathankulam",9443269265
NEUROLOGY,TUTICORIN,1119,"Govt Hospital Vilathikulam,Tuticorin TN.","Government Hospital,Hospital Road, Vilathikulam,Tutucorin-628907",8940654935
NEUROLOGY,Vellore,0,"Christian Medical College And Hospital,Vellore TN.","IDA SCUDDER ROAD, VELLORE-632004",0416 - 2282010
NEUROLOGY,Vellore,0,"Sri Narayani Hospital and Res Ctr,Vellore TN.","Sri Narayani Hospital&Reserach Center Thirumalikodi,Sripuram,Vellore-55",9003916841
NEUROLOGY,VILLUPURAM,1354,"Govt Hospital Mugaiyur PHC, Villupuram TN.","Govt.Upgraded primary health center,Mugaiyur,Kandachipuram taluk,Villupuram-605755",9384362777
NEUROLOGY,VILLUPURAM,731,"Govt.of Villupuram Med Coll and Hsp,Villupuram TN.","GOVT VILLUPURAM MEDICAL COLLEGE AND HOSPITAL, MUNDIYAMPAKKAM, VILLUPURAM TALUK AND DISTRICT. PIN 605 601",9942520654
NEUROLOGY,VILLUPURAM,1362,"Govt Hospital Marakanam, Villupuram TN.","Government? hospital,Marakkanam - 604303",9629300668
NEUROLOGY,VILLUPURAM,779,"Govt Hospital, Gingee, Villupuram, TN.","Tindivanam Road, Gingee-604202",9042828283
NEUROLOGY,VILLUPURAM,1360,"Govt Hospital Vikravandi, Villupuram TN.","Government? hospital,Vikkiravandi-605652",8608046512
NEUROLOGY,VILLUPURAM,174,GOVT. HOSPITAL. VILLUPURAM TN.,"Chief Civil Surgeon Medical Officer,
Govt. Hospital, Villupuram,
Near Signal. PIN: 605602.",9841259871
NEUROLOGY,VILLUPURAM,882,"E S NURSING COLLEGE HOSPITAL, VILLUPURAM TN.","NO:13,HOSPITAL ROAD,VANDIMEDU, VILLUPURAM",9443147949
NEUROLOGY,VILLUPURAM,729,"Govt.Head Quarters,Tindivanam,Villupuram TN.","Hospital Road, Near Murugampakkam, 
Govt. Hospital, Tindivanam. 
Pin : 604 001",9952945647
NEUROLOGY,VILLUPURAM,1273,"I Med Super Speciality Hospital, Villupuram TN.","WHAB NAGAR,MARAKANAM ROAD , OPP FIRE STATION,TINDIVANAM,  VILLUPURAM -604001",8072441603
NEUROLOGY,Virudhunagar,1229,"Govt Hospital Kallamanayakanpati, Virudhunagar TN.","Govt Hospital, Govt school Backside, Kallamanaickenpatti",9442665595
NEUROLOGY,Virudhunagar,3513,"Govt hospital,Sivakasi,Virudhunagar TN","PERIYAKULAM COLONY,?SIVAKASI,?VIRUDHUNAGAR-?626123",9843972362
NEUROLOGY,Virudhunagar,3519,"Govt hospital,Watrap,Virudhunagar TN.",VIRUDHUNAGAR - 626001,9894529051
NEUROLOGY,Virudhunagar,3489,"Govt hospital,Kariapatti,Virudhunagar TN.","KARIAPATTI, TAMIL NADU 626106",9443503351
NEUROLOGY,Virudhunagar,3512,"Govt.Hd.Quarters Hosp,Rajapalayam,Virudhunagar TN.","ILANTHOPU, RAJAPALAYAM, RAJAPALAYAM, TAMIL NADU 626117",9994391023
NEUROLOGY,Virudhunagar,3491,"Govt. Hospital, Srivilliputhur, Virudhunagar TN.","HOSPITAL CHOWK, NEAR SALEM STEEL PLANT,SRIVILLIPUTHUR, TAMIL NADU 626125",9442058582
NEUROLOGY,Virudhunagar,1231,"Govt.Hospital Thiruchuli,Virudhunagar TN.","Narikudi Road, GH street , Tiruchuli",9443271802
NEUROLOGY,Virudhunagar,813,"SRI RAMAKRISHNA HOSPITAL,VIRUDHUNAGAR TN.","PULLALAKKOTTAI ROAD, WEST PANDIAN COLONY, VIRUDHUNAGAR",8643849098
NEUROLOGY,Virudhunagar,3517,"Govt. Head Qrtrs Hosp, Arupukottai,Virdhunagar TN.","VELLAI KOTTAI, ARUPPUKKOTTAI, TAMIL NADU 626101",9443444136
NEUROLOGY,Virudhunagar,1230,"Govt. Hospital, Thiruthangal, Virudhunagar TN.","Govt. Hospital,Pillyar kovil Back side,Thiruthangal,Virudhunagar",9843650105
NEUROLOGY,Virudhunagar,754,"STAR HOSPITAL,VIRUDHUNAGAR TN.","MAIN ROAD,SATTUR, VIRUDHU NAGAR?",9443456120
NEUROLOGY,Virudhunagar,3509,"Govt hospital,Sattur,Virudhunagar TN.","SATTUR, TAMIL NADU 626203",8778966106
NEUROLOGY,Virudhunagar,3511,"Government Medical College, Virudhunagar TN.","RAMAMOORTHY RD, PROFESSORS COLONY, ANNA NAGAR, VIRUDHUNAGAR, TAMIL NADU 626001",9843272876
NEUROLOGY,Virudhunagar,1218,"SRI KRISHNA HOSPITAL,RAJAPALAYAM, VIRUDHUNAGAR TN.","218,B,P.A.C.R.Salai, Sri Rengapalayam, Rajapalayam.",9489070100
